{"cameraMode":{"drawMode":0,"name":"Shaded","section":"Shading Mode"},"sceneLighting":true,"audioPlay":false,"sceneViewState":{"showFog":true,"showMaterialUpdate":false,"showSkybox":true,"showFlares":true,"showImageEffects":true,"showParticleSystems":true},"in2DMode":false,"pivot":{"x":23.61181640625,"y":7.684075832366943,"z":27.099084854125978},"rotation":{"x":-0.04460158571600914,"y":-0.9547294974327087,"z":0.18887557089328767,"w":-0.22545139491558076},"size":8.398015975952149,"orthographic":false}