{"cameraMode":{"drawMode":0,"name":"Shaded","section":"Shading Mode"},"sceneLighting":false,"audioPlay":false,"sceneViewState":{"showFog":true,"showMaterialUpdate":false,"showSkybox":true,"showFlares":true,"showImageEffects":true,"showParticleSystems":true},"in2DMode":false,"pivot":{"x":-0.006352312862873077,"y":1.0180339813232422,"z":-4.761110782623291},"rotation":{"x":0.016006579622626306,"y":0.9694599509239197,"z":-0.23570245504379273,"w":0.06584513187408447},"size":5.456530570983887,"orthographic":false}