{"cameraMode":{"drawMode":0,"name":"Shaded","section":"Shading Mode"},"sceneLighting":false,"audioPlay":false,"sceneViewState":{"showFog":true,"showMaterialUpdate":false,"showSkybox":true,"showFlares":true,"showImageEffects":true,"showParticleSystems":true},"in2DMode":false,"pivot":{"x":2.3288450241088869,"y":0.40434175729751589,"z":3.7938947677612306},"rotation":{"x":-0.15301711857318879,"y":0.7450684309005737,"z":-0.18304046988487245,"w":-0.6228603720664978},"size":170.48977661132813,"orthographic":true}