{"cameraMode":{"drawMode":0,"name":"Shaded","section":"Shading Mode"},"sceneLighting":false,"audioPlay":false,"sceneViewState":{"showFog":true,"showMaterialUpdate":false,"showSkybox":true,"showFlares":true,"showImageEffects":true,"showParticleSystems":true},"in2DMode":false,"pivot":{"x":8.086675643920899,"y":1.6784802675247193,"z":-7.868048667907715},"rotation":{"x":0.016006579622626306,"y":0.9694599509239197,"z":-0.23570245504379273,"w":0.06584513187408447},"size":9.14218807220459,"orthographic":false}