{"cameraMode":{"drawMode":0,"name":"Shaded","section":"Shading Mode"},"sceneLighting":false,"audioPlay":false,"sceneViewState":{"showFog":true,"showMaterialUpdate":false,"showSkybox":true,"showFlares":true,"showImageEffects":true,"showParticleSystems":true},"in2DMode":false,"pivot":{"x":18.075639724731447,"y":2.8355486392974855,"z":12.875913619995118},"rotation":{"x":-0.06094764918088913,"y":-0.9243159890174866,"z":0.16676534712314607,"w":-0.33780863881111147},"size":5.064319610595703,"orthographic":false}